{
  "IcoMoonType": "selection",
  "icons": [
    {
      "icon": {
        "paths": [
          "M452.584 511.088h-129.085v475.681h-195.574v-475.681h-93.016v-167.172h93.016v-108.18c0-77.36 36.533-198.497 197.315-198.497l144.869 0.61v162.269h-105.112c-17.241 0-41.485 8.664-41.485 45.568v98.386h146.159l-17.088 167.016z"
        ],
        "attrs": [
          {
            "fill": "rgb(255, 255, 255)"
          }
        ],
        "width": 512,
        "isMulticolor": false,
        "isMulticolor2": false,
        "grid": 0,
        "tags": [
          "Vector (3)"
        ],
        "colorPermutations": {
          "15716418912552552551": [
            {
              "f": 1
            }
          ]
        }
      },
      "attrs": [
        {
          "fill": "rgb(255, 255, 255)"
        }
      ],
      "properties": {
        "order": 70,
        "id": 10,
        "name": "facebook",
        "prevSize": 32
      },
      "setIdx": 7,
      "setId": 2,
      "iconIdx": 0
    },
    {
      "icon": {
        "paths": [
          "M554.975 673.523l-21.597 283.52c30.9 0 44.283-12.39 60.332-27.264l144.87-129.216 300.186 205.171c55.053 28.634 93.843 13.555 108.698-47.27l197.037-861.72 0.058-0.051c17.459-75.956-29.434-105.659-83.072-87.025l-1158.204 413.851c-79.045 28.636-77.848 69.763-13.437 88.396l296.106 85.958 687.797-401.665c32.365-20.004 61.798-8.936 37.587 11.068l-556.36 466.246z"
        ],
        "attrs": [
          {
            "fill": "rgb(255, 255, 255)"
          }
        ],
        "width": 1408,
        "isMulticolor": false,
        "isMulticolor2": false,
        "grid": 0,
        "tags": [
          "telegram"
        ],
        "colorPermutations": {
          "15716418912552552551": [
            {
              "f": 1
            }
          ]
        }
      },
      "attrs": [
        {
          "fill": "rgb(255, 255, 255)"
        }
      ],
      "properties": {
        "order": 71,
        "id": 9,
        "name": "telegram",
        "prevSize": 32
      },
      "setIdx": 7,
      "setId": 2,
      "iconIdx": 1
    },
    {
      "icon": {
        "paths": [
          "M512 0c-281.219 0-512 230.781-512 512 0 239.974 168.391 457.969 392 512v-169.39c-22.156 4.849-42.547 4.992-65.101-1.659-30.258-8.929-54.844-29.082-73.094-59.817-11.633-19.625-32.25-40.909-53.757-39.347l-5.274-59.766c46.508-3.983 86.742 28.339 110.625 68.465 10.61 17.843 22.82 28.303 38.492 32.927 15.149 4.465 31.414 2.319 50.367-4.372 4.758-37.944 22.14-52.147 35.273-72.151v-0.031c-133.359-19.891-186.508-90.639-207.602-146.483-27.953-74.148-12.953-166.781 36.477-225.32 0.961-1.141 2.695-4.125 2.023-6.211-22.664-68.461 4.953-125.093 5.968-131.101 26.157 7.734 30.407-7.781 113.617 42.774l14.383 8.641c6.016 3.586 4.125 1.539 10.141 1.086 34.742-9.438 71.367-14.648 107.453-15.117 36.36 0.469 72.748 5.68 108.931 15.5l4.654 0.469c-0.404-0.062 1.265-0.297 4.070-1.969 103.946-62.961 100.214-42.383 128.087-51.445 1.009 6.015 28.257 63.57 5.837 131.164-3.026 9.313 90.117 94.602 38.492 231.506-21.094 55.869-74.235 126.618-207.596 146.509v0.031c17.096 26.056 37.632 39.916 37.524 93.665v211.446c223.616-54.031 391.997-272.026 391.997-512 0.010-281.219-230.769-512-511.99-512v0z"
        ],
        "attrs": [
          {
            "fill": "rgb(255, 255, 255)"
          }
        ],
        "isMulticolor": false,
        "isMulticolor2": false,
        "grid": 0,
        "tags": [
          "Vector (2)"
        ],
        "colorPermutations": {
          "15716418912552552551": [
            {
              "f": 1
            }
          ]
        }
      },
      "attrs": [
        {
          "fill": "rgb(255, 255, 255)"
        }
      ],
      "properties": {
        "order": 72,
        "id": 8,
        "name": "github",
        "prevSize": 32
      },
      "setIdx": 7,
      "setId": 2,
      "iconIdx": 2
    }
  ],
  "height": 1024,
  "preferences": {
    "showGlyphs": true,
    "showQuickUse": true,
    "showQuickUse2": true,
    "showSVGs": true,
    "fontPref": {
      "prefix": "icon-",
      "metadata": {
        "fontFamily": "icomoon"
      },
      "metrics": {
        "emSize": 1024,
        "baseline": 6.25,
        "whitespace": 50
      },
      "embed": false
    },
    "imagePref": {
      "prefix": "icon-",
      "png": true,
      "useClassSelector": true,
      "color": 0,
      "bgColor": 16777215,
      "classSelector": ".icon",
      "name": "icomoon"
    },
    "historySize": 50,
    "showCodes": true,
    "gridSize": 16
  }
}